Store,StoreType,Assortment,CompetitionDistance,CompetitionOpenSinceMonth,CompetitionOpenSinceYear,Promo2,Promo2SinceWeek,Promo2SinceYear,PromoInterval
1,c,a,1270.0,9.0,2008.0,False,,,
2,a,a,570.0,11.0,2007.0,True,13.0,2010.0,"Jan,Apr,Jul,Oct"
3,a,a,14130.0,12.0,2006.0,True,14.0,2011.0,"Jan,Apr,Jul,Oct"
5,a,a,29910.0,4.0,2015.0,False,,,
6,a,a,310.0,12.0,2013.0,False,,,
7,a,c,24000.0,4.0,2013.0,False,,,
8,a,a,7520.0,10.0,2014.0,False,,,
9,a,c,2030.0,8.0,2000.0,False,,,
10,a,a,3160.0,9.0,2009.0,False,,,
12,a,c,1070.0,,,True,13.0,2010.0,"Jan,Apr,Jul,Oct"
14,a,a,1300.0,3.0,2014.0,True,40.0,2011.0,"Jan,Apr,Jul,Oct"
15,d,c,4110.0,3.0,2010.0,True,14.0,2011.0,"Jan,Apr,Jul,Oct"
16,a,c,3270.0,,,False,,,
17,a,a,50.0,12.0,2005.0,True,26.0,2010.0,"Jan,Apr,Jul,Oct"
18,d,c,13840.0,6.0,2010.0,True,14.0,2012.0,"Jan,Apr,Jul,Oct"
19,a,c,3240.0,,,True,22.0,2011.0,"Mar,Jun,Sept,Dec"
20,d,a,2340.0,5.0,2009.0,True,40.0,2014.0,"Jan,Apr,Jul,Oct"
21,c,c,550.0,10.0,1999.0,True,45.0,2009.0,"Jan,Apr,Jul,Oct"
22,a,a,1040.0,,,True,22.0,2012.0,"Jan,Apr,Jul,Oct"
23,d,a,4060.0,8.0,2005.0,False,,,
25,c,a,430.0,4.0,2003.0,False,,,
26,d,a,2300.0,,,False,,,
27,a,a,60.0,1.0,2005.0,True,5.0,2011.0,"Jan,Apr,Jul,Oct"
28,a,a,1200.0,10.0,2014.0,True,6.0,2015.0,"Mar,Jun,Sept,Dec"
29,d,c,2170.0,,,False,,,
30,a,a,40.0,2.0,2014.0,True,10.0,2014.0,"Mar,Jun,Sept,Dec"
33,a,c,1320.0,5.0,2013.0,False,,,
34,c,a,2240.0,9.0,2009.0,False,,,
35,d,c,7660.0,10.0,2000.0,True,1.0,2012.0,"Jan,Apr,Jul,Oct"
36,a,c,540.0,6.0,2003.0,True,40.0,2014.0,"Jan,Apr,Jul,Oct"
37,c,a,4230.0,12.0,2014.0,False,,,
38,d,a,1090.0,4.0,2007.0,False,,,
39,a,a,260.0,10.0,2006.0,True,31.0,2013.0,"Feb,May,Aug,Nov"
41,d,c,1180.0,,,True,31.0,2013.0,"Jan,Apr,Jul,Oct"
42,a,c,290.0,,,True,40.0,2011.0,"Jan,Apr,Jul,Oct"
43,d,a,4880.0,,,True,37.0,2009.0,"Jan,Apr,Jul,Oct"
44,a,a,540.0,6.0,2011.0,False,,,
46,c,a,1200.0,9.0,2005.0,True,14.0,2011.0,"Jan,Apr,Jul,Oct"
47,a,c,270.0,4.0,2013.0,True,14.0,2013.0,"Jan,Apr,Jul,Oct"
48,a,a,1060.0,5.0,2012.0,False,,,
49,d,c,18010.0,9.0,2007.0,False,,,
51,a,c,10570.0,7.0,2013.0,True,9.0,2011.0,"Jan,Apr,Jul,Oct"
53,a,c,30360.0,9.0,2013.0,False,,,
54,d,c,7170.0,8.0,2014.0,True,5.0,2013.0,"Feb,May,Aug,Nov"
56,d,c,6620.0,3.0,2012.0,True,10.0,2014.0,"Mar,Jun,Sept,Dec"
58,a,c,7340.0,5.0,2008.0,True,27.0,2012.0,"Jan,Apr,Jul,Oct"
61,a,c,350.0,12.0,2007.0,True,1.0,2012.0,"Jan,Apr,Jul,Oct"
62,a,a,2050.0,,,False,,,
63,c,c,3700.0,6.0,2010.0,True,18.0,2010.0,"Feb,May,Aug,Nov"
65,a,c,13840.0,5.0,2010.0,True,1.0,2012.0,"Jan,Apr,Jul,Oct"
66,d,a,7660.0,,,True,37.0,2009.0,"Jan,Apr,Jul,Oct"
69,c,c,1130.0,,,True,40.0,2011.0,"Jan,Apr,Jul,Oct"
70,c,c,4840.0,,,False,,,
72,a,a,2200.0,12.0,2009.0,True,13.0,2010.0,"Jan,Apr,Jul,Oct"
73,a,c,1650.0,9.0,2008.0,False,,,
74,a,a,330.0,,,False,,,
75,d,c,22440.0,12.0,2013.0,False,,,
76,d,c,19960.0,3.0,2006.0,False,,,
78,a,a,3510.0,11.0,2006.0,True,5.0,2013.0,"Feb,May,Aug,Nov"
80,d,a,7910.0,,,False,,,
81,a,a,2370.0,3.0,2011.0,True,40.0,2014.0,"Jan,Apr,Jul,Oct"
82,a,a,22390.0,4.0,2008.0,True,37.0,2009.0,"Jan,Apr,Jul,Oct"
83,a,a,2710.0,,,False,,,
85,b,a,1870.0,10.0,2011.0,False,,,
86,a,a,480.0,2.0,2005.0,True,31.0,2013.0,"Jan,Apr,Jul,Oct"
88,a,a,10690.0,10.0,2005.0,False,,,
90,a,a,330.0,11.0,2007.0,False,,,
91,c,a,2410.0,,,True,35.0,2011.0,"Jan,Apr,Jul,Oct"
92,c,a,240.0,,,True,45.0,2009.0,"Feb,May,Aug,Nov"
93,a,a,16690.0,,,True,14.0,2011.0,"Jan,Apr,Jul,Oct"
94,d,c,14620.0,,,False,,,
95,a,a,1890.0,10.0,2014.0,False,,,
96,a,a,8780.0,2.0,2005.0,True,37.0,2009.0,"Jan,Apr,Jul,Oct"
98,d,c,15140.0,12.0,2006.0,True,1.0,2012.0,"Jan,Apr,Jul,Oct"
99,c,c,2030.0,11.0,2003.0,True,22.0,2012.0,"Mar,Jun,Sept,Dec"
100,d,a,17930.0,,,False,,,
103,d,c,5210.0,5.0,2015.0,False,,,
104,a,a,390.0,6.0,2009.0,False,,,
105,a,c,6190.0,,,True,23.0,2013.0,"Mar,Jun,Sept,Dec"
106,a,a,1390.0,8.0,2013.0,False,,,
107,a,a,1930.0,9.0,2009.0,False,,,
109,a,c,3300.0,11.0,2010.0,False,,,
111,d,c,7890.0,,,True,37.0,2009.0,"Jan,Apr,Jul,Oct"
112,a,a,1630.0,9.0,2009.0,False,,,
113,d,c,20930.0,11.0,1999.0,False,,,
115,d,c,5740.0,4.0,2007.0,True,40.0,2014.0,"Jan,Apr,Jul,Oct"
116,a,a,680.0,4.0,2013.0,False,,,
117,a,a,3450.0,9.0,2011.0,False,,,
118,d,c,3580.0,9.0,2012.0,False,,,
119,a,c,2100.0,2.0,2010.0,False,,,
120,d,a,2290.0,12.0,2014.0,True,37.0,2009.0,"Jan,Apr,Jul,Oct"
121,a,a,3570.0,11.0,2009.0,True,36.0,2013.0,"Mar,Jun,Sept,Dec"
122,a,c,58260.0,4.0,2013.0,False,,,
123,a,a,16760.0,9.0,2011.0,False,,,
124,a,a,1410.0,4.0,2003.0,False,,,
125,a,a,760.0,12.0,2005.0,False,,,
126,d,a,3370.0,10.0,2014.0,True,18.0,2011.0,"Feb,May,Aug,Nov"
127,d,a,1350.0,12.0,2005.0,True,13.0,2010.0,"Jan,Apr,Jul,Oct"
128,d,c,2000.0,,,True,1.0,2013.0,"Jan,Apr,Jul,Oct"
130,c,a,900.0,,,True,13.0,2010.0,"Jan,Apr,Jul,Oct"
131,c,a,920.0,7.0,2015.0,False,,,
132,d,c,1040.0,,,True,27.0,2012.0,"Jan,Apr,Jul,Oct"
133,a,a,270.0,8.0,2013.0,True,10.0,2014.0,"Mar,Jun,Sept,Dec"
134,a,a,1200.0,9.0,2008.0,False,,,
135,d,a,5190.0,,,True,1.0,2013.0,"Jan,Apr,Jul,Oct"
136,a,c,2200.0,12.0,2010.0,True,22.0,2012.0,"Feb,May,Aug,Nov"
138,a,c,25360.0,10.0,2014.0,False,,,
141,c,c,1540.0,,,True,22.0,2012.0,"Mar,Jun,Sept,Dec"
143,d,a,2930.0,12.0,2002.0,False,,,
144,a,c,16570.0,,,False,,,
145,a,a,280.0,,,True,45.0,2009.0,"Feb,May,Aug,Nov"
146,d,c,8050.0,10.0,1961.0,True,48.0,2012.0,"Jan,Apr,Jul,Oct"
147,d,c,8540.0,,,False,,,
148,a,a,2090.0,12.0,2008.0,False,,,
149,d,a,2610.0,7.0,2006.0,True,14.0,2011.0,"Jan,Apr,Jul,Oct"
150,c,c,31830.0,3.0,2010.0,False,,,
151,d,c,4360.0,10.0,2005.0,False,,,
152,a,a,1780.0,,,False,,,
153,a,a,16240.0,10.0,2000.0,True,18.0,2011.0,"Feb,May,Aug,Nov"
154,d,c,16420.0,,,False,,,
155,d,a,3050.0,,,True,35.0,2010.0,"Jan,Apr,Jul,Oct"
156,a,a,2020.0,2.0,2011.0,True,14.0,2011.0,"Mar,Jun,Sept,Dec"
158,d,c,11840.0,,,True,31.0,2009.0,"Feb,May,Aug,Nov"
160,d,c,17110.0,11.0,2005.0,False,,,
161,a,c,2970.0,3.0,2005.0,False,,,
162,d,c,5340.0,3.0,2012.0,True,13.0,2010.0,"Jan,Apr,Jul,Oct"
163,a,a,1480.0,4.0,2009.0,False,,,
164,a,a,1160.0,9.0,2005.0,True,13.0,2010.0,"Jan,Apr,Jul,Oct"
165,a,a,3720.0,4.0,2005.0,True,13.0,2010.0,"Jan,Apr,Jul,Oct"
166,a,c,100.0,4.0,2014.0,True,31.0,2013.0,"Jan,Apr,Jul,Oct"
167,a,a,140.0,4.0,2008.0,False,,,
168,a,a,12540.0,,,False,,,
170,a,a,1070.0,5.0,2015.0,True,14.0,2011.0,"Jan,Apr,Jul,Oct"
171,a,a,2640.0,,,False,,,
172,a,a,110.0,,,True,40.0,2014.0,"Jan,Apr,Jul,Oct"
173,a,a,350.0,12.0,2012.0,False,,,
174,a,a,13090.0,,,True,22.0,2012.0,"Jan,Apr,Jul,Oct"
176,a,a,3770.0,,,False,,,
177,a,a,1250.0,2.0,2004.0,True,5.0,2013.0,"Feb,May,Aug,Nov"
178,d,a,1710.0,,,False,,,
180,d,a,5800.0,9.0,2010.0,False,,,
181,a,a,12610.0,3.0,2013.0,True,14.0,2011.0,"Jan,Apr,Jul,Oct"
182,d,c,1390.0,,,True,9.0,2011.0,"Mar,Jun,Sept,Dec"
183,a,a,9670.0,,,False,,,
184,d,c,3560.0,,,False,,,
186,a,a,290.0,10.0,2011.0,True,40.0,2014.0,"Jan,Apr,Jul,Oct"
187,a,c,19360.0,,,False,,,
188,d,a,850.0,,,True,18.0,2011.0,"Feb,May,Aug,Nov"
189,d,a,5760.0,7.0,2014.0,False,,,
190,a,a,1470.0,12.0,2006.0,True,40.0,2014.0,"Jan,Apr,Jul,Oct"
191,a,a,1100.0,8.0,2013.0,True,40.0,2014.0,"Jan,Apr,Jul,Oct"
192,d,c,2770.0,3.0,2008.0,True,40.0,2014.0,"Jan,Apr,Jul,Oct"
194,d,c,16970.0,,,True,5.0,2013.0,"Feb,May,Aug,Nov"
195,a,c,220.0,,,False,,,
196,c,a,3850.0,11.0,2005.0,True,14.0,2011.0,"Jan,Apr,Jul,Oct"
197,c,a,4210.0,3.0,2015.0,False,,,
198,a,a,290.0,9.0,2002.0,True,13.0,2010.0,"Jan,Apr,Jul,Oct"
201,d,a,20260.0,,,True,18.0,2014.0,"Mar,Jun,Sept,Dec"
202,d,c,5140.0,5.0,2010.0,False,,,
203,c,c,490.0,11.0,2002.0,False,,,
204,a,a,5630.0,12.0,2002.0,True,40.0,2014.0,"Jan,Apr,Jul,Oct"
205,a,a,110.0,12.0,2007.0,False,,,
206,a,c,380.0,,,True,14.0,2012.0,"Jan,Apr,Jul,Oct"
207,a,a,6870.0,,,False,,,
208,c,a,300.0,4.0,2006.0,False,,,
212,a,c,15050.0,9.0,2008.0,False,,,
213,d,c,4030.0,3.0,2014.0,True,1.0,2014.0,"Jan,Apr,Jul,Oct"
214,d,a,8650.0,7.0,2013.0,True,10.0,2014.0,"Jan,Apr,Jul,Oct"
215,d,a,150.0,,,True,45.0,2009.0,"Feb,May,Aug,Nov"
216,c,a,190.0,,,True,45.0,2009.0,"Feb,May,Aug,Nov"
217,c,a,3150.0,,,False,,,
218,a,c,640.0,,,True,9.0,2011.0,"Mar,Jun,Sept,Dec"
220,a,a,1000.0,9.0,2008.0,False,,,
222,a,a,2170.0,11.0,2008.0,False,,,
223,d,c,2920.0,10.0,1995.0,True,27.0,2011.0,"Jan,Apr,Jul,Oct"
224,d,c,7930.0,,,True,1.0,2013.0,"Jan,Apr,Jul,Oct"
225,d,a,10180.0,5.0,2015.0,False,,,
226,a,a,450.0,,,False,,,
227,a,a,2370.0,,,False,,,
228,d,c,10800.0,,,True,18.0,2011.0,"Feb,May,Aug,Nov"
229,d,c,17410.0,4.0,2007.0,True,14.0,2011.0,"Jan,Apr,Jul,Oct"
230,d,c,6680.0,9.0,2013.0,False,,,
231,d,c,3840.0,10.0,2008.0,True,39.0,2010.0,"Feb,May,Aug,Nov"
233,a,a,1890.0,,,False,,,
234,d,a,4370.0,,,False,,,
235,a,a,5710.0,3.0,2012.0,True,37.0,2009.0,"Jan,Apr,Jul,Oct"
236,a,a,1000.0,11.0,2007.0,False,,,
237,a,a,1420.0,11.0,2007.0,False,,,
238,a,a,320.0,,,True,45.0,2009.0,"Feb,May,Aug,Nov"
239,d,c,610.0,,,False,,,
240,a,a,1110.0,5.0,2009.0,False,,,
241,d,c,780.0,,,False,,,
242,d,a,6880.0,9.0,2001.0,True,14.0,2011.0,"Jan,Apr,Jul,Oct"
243,a,a,310.0,,,True,5.0,2013.0,"Feb,May,Aug,Nov"
246,c,a,4660.0,4.0,2013.0,False,,,
247,d,c,70.0,11.0,2010.0,True,5.0,2013.0,"Feb,May,Aug,Nov"
248,a,c,340.0,9.0,2012.0,True,40.0,2012.0,"Jan,Apr,Jul,Oct"
249,d,c,18010.0,9.0,2014.0,False,,,
250,d,a,3520.0,,,True,18.0,2012.0,"Feb,May,Aug,Nov"
251,a,c,340.0,,,False,,,
252,d,c,22330.0,,,True,5.0,2010.0,"Feb,May,Aug,Nov"
253,a,c,250.0,,,True,5.0,2013.0,"Feb,May,Aug,Nov"
254,d,a,330.0,3.0,2008.0,True,1.0,2012.0,"Mar,Jun,Sept,Dec"
255,c,c,4630.0,3.0,2011.0,True,35.0,2011.0,"Feb,May,Aug,Nov"
256,a,c,80.0,9.0,2005.0,True,10.0,2014.0,"Mar,Jun,Sept,Dec"
257,a,a,420.0,12.0,2012.0,False,,,
258,a,a,27190.0,7.0,2010.0,True,37.0,2009.0,"Jan,Apr,Jul,Oct"
259,b,b,210.0,,,False,,,
260,a,a,540.0,10.0,2011.0,False,,,
262,b,a,1180.0,5.0,2013.0,False,,,
263,a,c,1140.0,5.0,2013.0,True,40.0,2014.0,"Jan,Apr,Jul,Oct"
264,a,a,180.0,3.0,2014.0,False,,,
265,a,a,4580.0,,,True,14.0,2015.0,"Jan,Apr,Jul,Oct"
267,c,a,2460.0,1.0,2012.0,False,,,
268,a,a,4520.0,2.0,2014.0,False,,,
269,a,c,60.0,6.0,2015.0,False,,,
270,a,a,1450.0,7.0,2014.0,False,,,
272,a,a,16180.0,7.0,2003.0,True,14.0,2011.0,"Jan,Apr,Jul,Oct"
273,a,c,8480.0,,,False,,,
277,d,c,7840.0,,,True,31.0,2009.0,"Feb,May,Aug,Nov"
279,d,c,2320.0,,,True,40.0,2012.0,"Jan,Apr,Jul,Oct"
280,d,c,18640.0,9.0,2013.0,True,10.0,2014.0,"Mar,Jun,Sept,Dec"
281,d,c,6970.0,9.0,2011.0,False,,,
282,a,a,1220.0,12.0,2010.0,False,,,
283,a,a,2260.0,,,True,40.0,2014.0,"Jan,Apr,Jul,Oct"
284,d,a,1290.0,,,True,40.0,2014.0,"Jan,Apr,Jul,Oct"
285,a,a,2410.0,,,False,,,
286,a,a,1460.0,4.0,2015.0,False,,,
287,c,a,2740.0,5.0,2009.0,True,40.0,2014.0,"Jan,Apr,Jul,Oct"
288,d,a,800.0,,,True,14.0,2011.0,"Mar,Jun,Sept,Dec"
289,d,a,6540.0,12.0,2007.0,False,,,
292,a,a,1100.0,6.0,2009.0,False,,,
294,a,a,3150.0,5.0,2005.0,False,,,
295,a,a,210.0,11.0,2000.0,True,36.0,2013.0,"Mar,Jun,Sept,Dec"
296,a,a,9580.0,5.0,2007.0,True,45.0,2014.0,"Feb,May,Aug,Nov"
298,d,a,19840.0,7.0,2009.0,False,,,
299,d,c,38630.0,9.0,2012.0,False,,,
300,a,c,120.0,4.0,2009.0,True,1.0,2012.0,"Jan,Apr,Jul,Oct"
301,a,c,4510.0,3.0,2015.0,False,,,
302,d,c,2190.0,12.0,2007.0,True,9.0,2011.0,"Mar,Jun,Sept,Dec"
303,a,a,15430.0,11.0,2012.0,True,18.0,2011.0,"Feb,May,Aug,Nov"
304,a,a,1950.0,7.0,2015.0,False,,,
305,c,c,2470.0,2.0,2005.0,True,31.0,2013.0,"Mar,Jun,Sept,Dec"
306,a,a,5100.0,4.0,2007.0,True,40.0,2014.0,"Jan,Apr,Jul,Oct"
308,a,a,1070.0,12.0,2006.0,True,13.0,2010.0,"Jan,Apr,Jul,Oct"
310,a,c,2290.0,,,True,10.0,2014.0,"Mar,Jun,Sept,Dec"
311,a,c,680.0,7.0,2005.0,False,,,
312,d,a,11300.0,3.0,2012.0,False,,,
313,d,c,14160.0,,,False,,,
314,a,a,3560.0,10.0,2001.0,True,31.0,2013.0,"Feb,May,Aug,Nov"
315,a,c,38710.0,4.0,2013.0,False,,,
316,d,a,9000.0,8.0,2001.0,False,,,
317,d,a,3140.0,7.0,2013.0,True,14.0,2011.0,"Jan,Apr,Jul,Oct"
318,d,c,32330.0,3.0,2014.0,False,,,
321,c,c,8140.0,11.0,2013.0,True,10.0,2014.0,"Mar,Jun,Sept,Dec"
322,a,a,17500.0,4.0,2001.0,True,37.0,2009.0,"Jan,Apr,Jul,Oct"
323,d,c,8400.0,4.0,2012.0,True,5.0,2013.0,"Feb,May,Aug,Nov"
325,a,c,350.0,3.0,2011.0,True,22.0,2011.0,"Feb,May,Aug,Nov"
326,d,a,10070.0,5.0,2015.0,True,31.0,2013.0,"Feb,May,Aug,Nov"
327,c,c,1390.0,12.0,2004.0,False,,,
328,a,a,3130.0,7.0,2002.0,False,,,
329,a,a,1310.0,6.0,1990.0,True,22.0,2012.0,"Mar,Jun,Sept,Dec"
330,a,c,370.0,,,True,22.0,2012.0,"Mar,Jun,Sept,Dec"
331,a,c,670.0,,,True,14.0,2015.0,"Jan,Apr,Jul,Oct"
334,d,c,4040.0,8.0,2008.0,True,18.0,2013.0,"Mar,Jun,Sept,Dec"
336,a,a,190.0,7.0,2014.0,False,,,
338,a,c,1590.0,,,True,37.0,2009.0,"Jan,Apr,Jul,Oct"
339,a,c,2280.0,,,True,10.0,2013.0,"Mar,Jun,Sept,Dec"
340,a,c,8080.0,,,False,,,
341,a,a,190.0,9.0,2011.0,False,,,
342,d,c,15770.0,,,True,40.0,2014.0,"Jan,Apr,Jul,Oct"
344,a,c,300.0,4.0,2011.0,True,14.0,2011.0,"Jan,Apr,Jul,Oct"
346,a,c,8090.0,,,False,,,
348,a,a,16490.0,,,True,22.0,2012.0,"Jan,Apr,Jul,Oct"
349,c,c,1490.0,4.0,2009.0,False,,,
350,d,a,8880.0,,,True,14.0,2011.0,"Jan,Apr,Jul,Oct"
351,a,a,5290.0,11.0,2012.0,True,5.0,2013.0,"Feb,May,Aug,Nov"
352,d,c,6360.0,,,True,40.0,2012.0,"Mar,Jun,Sept,Dec"
353,b,b,900.0,,,True,14.0,2013.0,"Feb,May,Aug,Nov"
354,d,c,1500.0,10.0,2005.0,False,,,
357,a,a,2060.0,10.0,2008.0,False,,,
358,a,a,2890.0,10.0,2003.0,False,,,
359,d,c,4370.0,,,False,,,
360,a,a,2040.0,6.0,2007.0,False,,,
361,c,c,4490.0,5.0,2014.0,True,5.0,2013.0,"Feb,May,Aug,Nov"
364,a,c,13620.0,,,True,10.0,2014.0,"Mar,Jun,Sept,Dec"
365,c,a,2410.0,,,True,45.0,2009.0,"Feb,May,Aug,Nov"
367,d,c,2640.0,9.0,2012.0,False,,,
369,d,c,5870.0,4.0,2014.0,False,,,
370,d,a,8250.0,10.0,2000.0,True,31.0,2009.0,"Jan,Apr,Jul,Oct"
371,d,c,1970.0,7.0,2009.0,True,45.0,2014.0,"Feb,May,Aug,Nov"
373,d,c,11120.0,,,True,22.0,2012.0,"Jan,Apr,Jul,Oct"
374,a,a,1150.0,9.0,2007.0,False,,,
375,a,c,15710.0,2.0,2013.0,True,37.0,2009.0,"Jan,Apr,Jul,Oct"
376,a,a,160.0,8.0,2012.0,False,,,
377,a,c,100.0,6.0,2010.0,True,18.0,2010.0,"Feb,May,Aug,Nov"
378,a,c,2140.0,8.0,2012.0,False,,,
379,d,a,6630.0,,,False,,,
380,a,a,2240.0,5.0,2013.0,True,10.0,2014.0,"Mar,Jun,Sept,Dec"
383,a,c,350.0,,,False,,,
384,a,c,130.0,,,True,14.0,2011.0,"Jan,Apr,Jul,Oct"
385,d,a,4580.0,9.0,2007.0,False,,,
386,d,c,1460.0,4.0,2014.0,True,31.0,2013.0,"Jan,Apr,Jul,Oct"
387,c,a,210.0,,,True,36.0,2013.0,"Mar,Jun,Sept,Dec"
388,a,a,2260.0,,,False,,,
389,a,c,6690.0,8.0,2011.0,False,,,
390,a,c,1600.0,4.0,2009.0,False,,,
392,a,a,2120.0,,,False,,,
393,d,c,4820.0,3.0,2008.0,False,,,
394,d,a,10850.0,,,False,,,
395,a,a,3620.0,2.0,2013.0,False,,,
396,a,c,23130.0,,,False,,,
397,a,c,130.0,,,True,27.0,2013.0,"Feb,May,Aug,Nov"
398,c,c,1540.0,,,True,1.0,2012.0,"Jan,Apr,Jul,Oct"
400,a,a,70.0,11.0,2004.0,True,14.0,2011.0,"Jan,Apr,Jul,Oct"
401,a,c,9200.0,10.0,2009.0,True,14.0,2012.0,"Jan,Apr,Jul,Oct"
402,c,c,5830.0,9.0,2011.0,True,13.0,2010.0,"Jan,Apr,Jul,Oct"
403,a,a,4970.0,7.0,2015.0,False,,,
404,a,c,1420.0,,,True,10.0,2013.0,"Mar,Jun,Sept,Dec"
406,d,c,8240.0,3.0,2001.0,True,10.0,2013.0,"Feb,May,Aug,Nov"
407,a,a,5890.0,10.0,2003.0,True,14.0,2011.0,"Feb,May,Aug,Nov"
408,c,a,1560.0,,,True,45.0,2009.0,"Feb,May,Aug,Nov"
409,d,c,840.0,,,True,1.0,2013.0,"Jan,Apr,Jul,Oct"
411,d,c,8460.0,,,False,,,
413,a,c,760.0,9.0,2014.0,False,,,
414,d,c,6210.0,,,True,1.0,2013.0,"Jan,Apr,Jul,Oct"
415,d,c,6910.0,4.0,2005.0,False,,,
416,a,c,4650.0,6.0,2014.0,False,,,
417,a,c,840.0,,,True,10.0,2014.0,"Jan,Apr,Jul,Oct"
418,a,a,1060.0,5.0,2009.0,True,27.0,2011.0,"Feb,May,Aug,Nov"
419,c,a,1620.0,9.0,2009.0,False,,,
420,d,c,250.0,,,True,27.0,2012.0,"Jan,Apr,Jul,Oct"
421,c,c,3530.0,6.0,2012.0,True,35.0,2012.0,"Mar,Jun,Sept,Dec"
422,a,c,2880.0,,,False,,,
423,b,a,1270.0,5.0,2014.0,False,,,
424,d,c,1250.0,,,True,40.0,2011.0,"Jan,Apr,Jul,Oct"
425,d,c,1460.0,,,False,,,
426,a,a,250.0,,,False,,,
427,a,c,70.0,7.0,2005.0,True,13.0,2010.0,"Jan,Apr,Jul,Oct"
428,d,a,2960.0,12.0,2014.0,True,23.0,2015.0,"Mar,Jun,Sept,Dec"
432,a,a,810.0,5.0,2013.0,False,,,
433,a,c,30030.0,11.0,2010.0,False,,,
434,a,a,13020.0,8.0,2003.0,True,40.0,2014.0,"Jan,Apr,Jul,Oct"
435,a,a,910.0,,,False,,,
438,d,c,1110.0,,,True,40.0,2012.0,"Jan,Apr,Jul,Oct"
439,a,a,1350.0,9.0,2009.0,False,,,
440,d,a,3900.0,4.0,2005.0,True,45.0,2009.0,"Feb,May,Aug,Nov"
441,d,a,2530.0,,,False,,,
442,c,a,500.0,,,True,45.0,2009.0,"Feb,May,Aug,Nov"
443,d,a,11400.0,12.0,2005.0,False,,,
444,c,a,1700.0,11.0,2009.0,False,,,
445,a,a,240.0,,,False,,,
446,a,a,340.0,10.0,2000.0,True,31.0,2013.0,"Feb,May,Aug,Nov"
447,a,c,1510.0,9.0,2013.0,False,,,
448,a,c,3970.0,9.0,2009.0,False,,,
449,a,c,120.0,12.0,2014.0,True,37.0,2009.0,"Jan,Apr,Jul,Oct"
450,c,a,5780.0,11.0,1994.0,True,10.0,2014.0,"Mar,Jun,Sept,Dec"
451,a,a,2460.0,4.0,2009.0,True,13.0,2010.0,"Jan,Apr,Jul,Oct"
453,a,c,75860.0,,,False,,,
455,d,c,7660.0,9.0,2010.0,False,,,
456,a,c,140.0,,,False,,,
457,d,c,13140.0,,,True,31.0,2013.0,"Jan,Apr,Jul,Oct"
458,c,a,3390.0,,,False,,,
460,a,a,34050.0,4.0,2008.0,False,,,
461,d,c,1790.0,7.0,2013.0,True,40.0,2013.0,"Jan,Apr,Jul,Oct"
462,a,a,44320.0,8.0,2008.0,False,,,
463,a,a,4160.0,,,False,,,
464,c,a,520.0,3.0,2009.0,False,,,
467,a,c,20390.0,4.0,2008.0,False,,,
469,c,c,710.0,9.0,2005.0,False,,,
470,a,c,50.0,,,False,,,
471,d,a,5300.0,,,True,45.0,2009.0,"Feb,May,Aug,Nov"
472,c,c,5030.0,8.0,2011.0,False,,,
473,a,a,50.0,,,False,,,
474,c,a,14810.0,,,True,14.0,2011.0,"Mar,Jun,Sept,Dec"
475,a,a,140.0,9.0,2005.0,False,,,
476,d,a,8300.0,9.0,2006.0,False,,,
477,d,a,770.0,7.0,2010.0,True,35.0,2010.0,"Jan,Apr,Jul,Oct"
480,a,a,300.0,11.0,2012.0,False,,,
481,c,c,7470.0,,,True,44.0,2012.0,"Feb,May,Aug,Nov"
482,c,a,2550.0,10.0,2005.0,False,,,
483,a,c,2310.0,9.0,2011.0,True,13.0,2010.0,"Jan,Apr,Jul,Oct"
484,a,c,14300.0,3.0,2011.0,False,,,
485,d,c,3270.0,,,True,22.0,2012.0,"Jan,Apr,Jul,Oct"
486,a,a,2320.0,,,True,31.0,2013.0,"Jan,Apr,Jul,Oct"
487,d,c,2180.0,9.0,2012.0,True,40.0,2012.0,"Jan,Apr,Jul,Oct"
488,a,c,2890.0,4.0,2014.0,False,,,
489,a,a,14960.0,11.0,2013.0,True,37.0,2009.0,"Jan,Apr,Jul,Oct"
490,a,a,660.0,4.0,2013.0,True,40.0,2014.0,"Jan,Apr,Jul,Oct"
491,d,c,4680.0,,,True,22.0,2012.0,"Mar,Jun,Sept,Dec"
492,a,a,1740.0,3.0,2008.0,True,40.0,2012.0,"Jan,Apr,Jul,Oct"
493,d,c,1150.0,,,True,14.0,2011.0,"Jan,Apr,Jul,Oct"
494,b,a,1260.0,6.0,2011.0,False,,,
496,d,c,2780.0,6.0,2015.0,False,,,
497,a,c,1610.0,,,False,,,
498,a,a,990.0,,,True,40.0,2014.0,"Jan,Apr,Jul,Oct"
499,c,c,450.0,,,True,5.0,2013.0,"Feb,May,Aug,Nov"
500,d,c,10690.0,9.0,2007.0,True,5.0,2013.0,"Jan,Apr,Jul,Oct"
501,a,c,1620.0,9.0,2006.0,False,,,
502,a,a,220.0,2.0,2002.0,True,37.0,2009.0,"Jan,Apr,Jul,Oct"
503,d,c,13080.0,9.0,2006.0,True,14.0,2011.0,"Jan,Apr,Jul,Oct"
504,c,c,820.0,,,False,,,
505,a,a,350.0,,,True,5.0,2013.0,"Feb,May,Aug,Nov"
506,a,a,1850.0,12.0,2014.0,True,18.0,2011.0,"Feb,May,Aug,Nov"
508,a,c,1280.0,,,True,40.0,2011.0,"Jan,Apr,Jul,Oct"
509,a,a,4740.0,7.0,2008.0,True,37.0,2009.0,"Jan,Apr,Jul,Oct"
510,a,c,8260.0,,,False,,,
511,a,a,2060.0,9.0,2009.0,False,,,
512,b,b,590.0,,,True,5.0,2013.0,"Mar,Jun,Sept,Dec"
513,a,a,400.0,8.0,2013.0,False,,,
514,c,c,1200.0,7.0,2012.0,True,27.0,2012.0,"Jan,Apr,Jul,Oct"
515,d,c,11260.0,,,True,9.0,2011.0,"Feb,May,Aug,Nov"
516,a,c,20.0,,,True,35.0,2010.0,"Mar,Jun,Sept,Dec"
517,a,c,22490.0,,,False,,,
518,d,c,3330.0,3.0,2015.0,True,13.0,2010.0,"Jan,Apr,Jul,Oct"
519,c,c,2510.0,8.0,2009.0,True,1.0,2012.0,"Jan,Apr,Jul,Oct"
521,d,a,18610.0,11.0,2002.0,True,48.0,2011.0,"Mar,Jun,Sept,Dec"
522,d,c,7160.0,11.0,2012.0,True,9.0,2011.0,"Jan,Apr,Jul,Oct"
523,c,c,50.0,11.0,2013.0,False,,,
524,a,c,40860.0,9.0,2013.0,False,,,
525,d,c,1870.0,9.0,2013.0,False,,,
527,d,c,5830.0,4.0,2008.0,False,,,
528,a,c,20620.0,,,True,37.0,2009.0,"Jan,Apr,Jul,Oct"
533,a,c,5950.0,,,False,,,
536,a,c,4700.0,9.0,2002.0,True,31.0,2013.0,"Feb,May,Aug,Nov"
538,a,a,990.0,2.0,2010.0,False,,,
539,a,a,770.0,5.0,2013.0,True,40.0,2014.0,"Jan,Apr,Jul,Oct"
541,a,c,650.0,7.0,1990.0,False,,,
542,a,a,7280.0,9.0,2012.0,True,1.0,2013.0,"Jan,Apr,Jul,Oct"
543,c,a,1080.0,12.0,2012.0,False,,,
545,a,c,5020.0,5.0,2006.0,True,18.0,2014.0,"Feb,May,Aug,Nov"
547,d,c,8990.0,11.0,2009.0,True,35.0,2010.0,"Mar,Jun,Sept,Dec"
548,d,c,3760.0,2.0,2009.0,False,,,
550,d,c,50.0,6.0,2015.0,False,,,
551,a,c,2190.0,9.0,2013.0,False,,,
552,a,a,4260.0,7.0,2008.0,True,37.0,2009.0,"Jan,Apr,Jul,Oct"
553,c,a,3040.0,9.0,2002.0,True,13.0,2010.0,"Jan,Apr,Jul,Oct"
554,c,c,1200.0,,,False,,,
556,d,c,1140.0,11.0,2014.0,False,,,
557,a,a,250.0,,,False,,,
558,a,a,3000.0,2.0,2010.0,False,,,
559,d,a,3910.0,11.0,2006.0,True,5.0,2013.0,"Feb,May,Aug,Nov"
560,c,c,1910.0,7.0,2013.0,False,,,
561,d,a,14300.0,,,False,,,
563,a,a,700.0,3.0,2015.0,True,10.0,2014.0,"Jan,Apr,Jul,Oct"
564,d,c,6540.0,,,True,14.0,2013.0,"Jan,Apr,Jul,Oct"
565,a,c,160.0,7.0,2007.0,False,,,
566,a,a,3620.0,,,True,40.0,2013.0,"Jan,Apr,Jul,Oct"
567,c,a,1010.0,9.0,2012.0,True,18.0,2011.0,"Feb,May,Aug,Nov"
568,d,c,4270.0,,,True,1.0,2013.0,"Jan,Apr,Jul,Oct"
569,a,a,1340.0,9.0,2006.0,False,,,
570,a,a,180.0,11.0,2006.0,False,,,
571,d,a,2110.0,11.0,1995.0,True,40.0,2014.0,"Jan,Apr,Jul,Oct"
572,d,c,9230.0,4.0,2004.0,True,37.0,2009.0,"Jan,Apr,Jul,Oct"
573,a,a,1190.0,11.0,2012.0,True,36.0,2013.0,"Jan,Apr,Jul,Oct"
574,d,a,4400.0,,,False,,,
575,a,a,960.0,5.0,2008.0,True,13.0,2010.0,"Jan,Apr,Jul,Oct"
576,c,a,50.0,11.0,2006.0,False,,,
577,a,c,2270.0,,,True,35.0,2012.0,"Mar,Jun,Sept,Dec"
578,d,a,12700.0,4.0,2013.0,False,,,
579,c,a,20970.0,11.0,2012.0,False,,,
580,a,c,170.0,2.0,2009.0,False,,,
581,a,a,7250.0,12.0,2013.0,False,,,
583,a,a,2640.0,11.0,2002.0,False,,,
584,d,a,1360.0,,,True,35.0,2010.0,"Mar,Jun,Sept,Dec"
585,d,c,440.0,4.0,2014.0,False,,,
587,d,c,330.0,9.0,2006.0,True,14.0,2011.0,"Jan,Apr,Jul,Oct"
588,d,c,15720.0,3.0,2010.0,False,,,
589,a,c,360.0,,,True,18.0,2013.0,"Feb,May,Aug,Nov"
591,a,c,3340.0,,,True,22.0,2012.0,"Mar,Jun,Sept,Dec"
592,a,a,2540.0,6.0,2005.0,False,,,
593,a,c,33060.0,3.0,2010.0,False,,,
596,c,a,290.0,9.0,2006.0,False,,,
598,c,a,550.0,12.0,2013.0,True,40.0,2014.0,"Jan,Apr,Jul,Oct"
599,d,c,580.0,11.0,2014.0,False,,,
600,d,c,17340.0,6.0,2010.0,True,9.0,2011.0,"Feb,May,Aug,Nov"
601,d,a,8220.0,4.0,2014.0,True,14.0,2011.0,"Jan,Apr,Jul,Oct"
603,a,a,340.0,4.0,2007.0,True,13.0,2010.0,"Jan,Apr,Jul,Oct"
604,d,a,10950.0,3.0,2014.0,False,,,
605,d,a,10310.0,4.0,2003.0,True,37.0,2009.0,"Jan,Apr,Jul,Oct"
607,a,a,350.0,8.0,1999.0,True,14.0,2011.0,"Jan,Apr,Jul,Oct"
608,a,c,18370.0,2.0,2013.0,True,14.0,2011.0,"Jan,Apr,Jul,Oct"
609,a,a,2070.0,9.0,2007.0,False,,,
610,a,a,660.0,1.0,2007.0,False,,,
611,a,a,8080.0,12.0,2002.0,True,40.0,2014.0,"Jan,Apr,Jul,Oct"
612,d,c,2490.0,11.0,2012.0,True,31.0,2009.0,"Jan,Apr,Jul,Oct"
613,c,a,250.0,6.0,2007.0,True,14.0,2011.0,"Jan,Apr,Jul,Oct"
616,a,c,3040.0,8.0,2011.0,True,35.0,2010.0,"Mar,Jun,Sept,Dec"
617,a,c,8940.0,,,True,9.0,2011.0,"Jan,Apr,Jul,Oct"
620,d,c,5440.0,,,True,40.0,2014.0,"Jan,Apr,Jul,Oct"
623,a,a,4080.0,3.0,2011.0,True,13.0,2010.0,"Jan,Apr,Jul,Oct"
624,a,c,6920.0,9.0,2011.0,False,,,
625,a,a,1170.0,4.0,2011.0,True,22.0,2012.0,"Feb,May,Aug,Nov"
626,c,c,10740.0,11.0,2013.0,False,,,
628,a,c,2180.0,,,False,,,
629,d,a,510.0,7.0,2014.0,True,23.0,2015.0,"Mar,Jun,Sept,Dec"
630,a,a,1690.0,4.0,2015.0,False,,,
632,a,a,3350.0,2.0,2010.0,False,,,
633,d,a,11640.0,4.0,2005.0,True,22.0,2011.0,"Jan,Apr,Jul,Oct"
634,d,a,18610.0,,,False,,,
635,a,a,27530.0,4.0,2014.0,False,,,
636,c,a,720.0,10.0,2004.0,True,13.0,2010.0,"Jan,Apr,Jul,Oct"
637,d,c,9790.0,,,True,31.0,2009.0,"Feb,May,Aug,Nov"
638,d,a,10170.0,11.0,2001.0,False,,,
639,a,a,7780.0,11.0,2006.0,False,,,
640,d,c,8040.0,,,False,,,
641,a,c,610.0,12.0,2003.0,True,36.0,2013.0,"Mar,Jun,Sept,Dec"
642,c,c,530.0,4.0,2005.0,True,35.0,2010.0,"Mar,Jun,Sept,Dec"
643,a,a,230.0,6.0,2010.0,True,18.0,2010.0,"Feb,May,Aug,Nov"
644,c,a,4030.0,12.0,2004.0,True,14.0,2011.0,"Jan,Apr,Jul,Oct"
645,a,a,90.0,,,True,45.0,2009.0,"Feb,May,Aug,Nov"
646,a,a,620.0,9.0,2014.0,False,,,
647,a,c,7420.0,4.0,2013.0,False,,,
648,d,a,2130.0,12.0,2008.0,False,,,
649,a,a,14570.0,11.0,2002.0,False,,,
650,a,a,1420.0,10.0,2012.0,True,40.0,2014.0,"Jan,Apr,Jul,Oct"
651,a,a,200.0,,,False,,,
652,a,a,20390.0,,,False,,,
654,c,a,6930.0,9.0,2006.0,False,,,
655,d,c,960.0,11.0,2012.0,True,5.0,2013.0,"Feb,May,Aug,Nov"
656,d,a,410.0,4.0,2009.0,True,13.0,2010.0,"Jan,Apr,Jul,Oct"
657,c,c,80.0,1.0,2006.0,True,10.0,2014.0,"Jan,Apr,Jul,Oct"
658,d,c,520.0,,,True,37.0,2009.0,"Jan,Apr,Jul,Oct"
659,d,a,1590.0,3.0,2012.0,False,,,
660,a,a,1200.0,11.0,2006.0,True,40.0,2014.0,"Jan,Apr,Jul,Oct"
661,d,c,2140.0,7.0,2013.0,False,,,
663,a,c,7860.0,5.0,2005.0,False,,,
664,d,c,1680.0,10.0,2005.0,False,,,
665,a,a,90.0,12.0,2012.0,True,14.0,2011.0,"Jan,Apr,Jul,Oct"
666,c,c,2700.0,,,True,9.0,2011.0,"Mar,Jun,Sept,Dec"
667,d,c,2870.0,9.0,2012.0,False,,,
668,c,a,1270.0,9.0,2010.0,False,,,
669,d,a,17080.0,7.0,2012.0,True,31.0,2013.0,"Jan,Apr,Jul,Oct"
670,a,a,2060.0,,,True,45.0,2009.0,"Feb,May,Aug,Nov"
671,a,c,2070.0,2.0,2008.0,True,39.0,2010.0,"Jan,Apr,Jul,Oct"
672,c,a,240.0,9.0,2002.0,False,,,
673,d,c,15170.0,,,True,5.0,2013.0,"Feb,May,Aug,Nov"
674,a,a,2640.0,12.0,2005.0,True,31.0,2013.0,"Feb,May,Aug,Nov"
675,a,a,2100.0,8.0,2013.0,True,14.0,2011.0,"Jan,Apr,Jul,Oct"
676,b,b,1410.0,9.0,2008.0,False,,,
677,d,a,1740.0,6.0,2014.0,True,45.0,2009.0,"Feb,May,Aug,Nov"
680,c,a,170.0,,,True,35.0,2012.0,"Mar,Jun,Sept,Dec"
681,a,c,620.0,,,True,1.0,2014.0,"Mar,Jun,Sept,Dec"
682,b,a,150.0,9.0,2006.0,False,,,
684,d,c,680.0,,,True,22.0,2012.0,"Jan,Apr,Jul,Oct"
685,a,a,650.0,11.0,2013.0,True,37.0,2009.0,"Jan,Apr,Jul,Oct"
686,a,a,20050.0,4.0,2002.0,False,,,
687,d,c,2770.0,,,False,,,
688,a,a,18760.0,8.0,2015.0,True,14.0,2011.0,"Jan,Apr,Jul,Oct"
689,d,a,15040.0,10.0,2004.0,False,,,
690,a,a,100.0,,,False,,,
691,d,c,3030.0,,,True,37.0,2009.0,"Jan,Apr,Jul,Oct"
692,a,a,40.0,8.0,2001.0,False,,,
693,d,a,450.0,,,True,40.0,2011.0,"Jan,Apr,Jul,Oct"
694,a,c,460.0,11.0,2012.0,True,40.0,2014.0,"Jan,Apr,Jul,Oct"
695,a,a,550.0,7.0,2011.0,True,1.0,2012.0,"Jan,Apr,Jul,Oct"
696,a,c,430.0,,,False,,,
697,d,a,3780.0,,,True,40.0,2011.0,"Jan,Apr,Jul,Oct"
698,a,a,1790.0,5.0,2011.0,False,,,
699,a,a,180.0,,,True,5.0,2013.0,"Jan,Apr,Jul,Oct"
700,a,c,830.0,,,True,27.0,2013.0,"Jan,Apr,Jul,Oct"
702,a,a,8550.0,9.0,2001.0,True,45.0,2009.0,"Feb,May,Aug,Nov"
703,a,a,80.0,6.0,2005.0,False,,,
704,d,c,1910.0,4.0,2009.0,False,,,
706,d,a,7830.0,9.0,2014.0,True,10.0,2014.0,"Mar,Jun,Sept,Dec"
707,a,c,2900.0,7.0,1990.0,False,,,
708,c,c,11470.0,10.0,2009.0,True,18.0,2014.0,"Jan,Apr,Jul,Oct"
709,a,a,500.0,12.0,2010.0,False,,,
710,d,a,1500.0,9.0,2008.0,True,14.0,2011.0,"Jan,Apr,Jul,Oct"
711,d,a,17110.0,3.0,2007.0,True,5.0,2010.0,"Jan,Apr,Jul,Oct"
712,a,a,4870.0,9.0,2007.0,True,45.0,2009.0,"Jan,Apr,Jul,Oct"
714,d,c,12070.0,10.0,2005.0,True,10.0,2013.0,"Jan,Apr,Jul,Oct"
715,a,a,14810.0,6.0,2014.0,False,,,
716,d,a,3200.0,1.0,2008.0,True,22.0,2011.0,"Jan,Apr,Jul,Oct"
718,a,a,1100.0,6.0,2015.0,False,,,
719,c,c,8190.0,,,True,45.0,2009.0,"Feb,May,Aug,Nov"
720,a,c,15320.0,3.0,2011.0,True,14.0,2013.0,"Feb,May,Aug,Nov"
721,a,c,3590.0,9.0,2012.0,True,22.0,2012.0,"Mar,Jun,Sept,Dec"
722,a,a,50.0,,,False,,,
724,d,c,5900.0,,,False,,,
726,a,c,40540.0,2.0,2002.0,False,,,
727,a,a,2050.0,3.0,2007.0,False,,,
730,c,a,1190.0,9.0,2013.0,False,,,
731,a,a,15270.0,,,True,10.0,2014.0,"Jan,Apr,Jul,Oct"
733,b,b,860.0,10.0,1999.0,False,,,
734,a,a,220.0,,,True,36.0,2013.0,"Mar,Jun,Sept,Dec"
735,d,c,1920.0,4.0,2005.0,False,,,
736,c,c,1650.0,,,True,14.0,2011.0,"Jan,Apr,Jul,Oct"
738,d,c,5980.0,10.0,2005.0,False,,,
739,d,c,2770.0,6.0,2008.0,True,22.0,2011.0,"Jan,Apr,Jul,Oct"
740,d,a,6400.0,3.0,2014.0,False,,,
741,d,c,11900.0,,,False,,,
743,a,a,6710.0,11.0,2003.0,True,14.0,2012.0,"Jan,Apr,Jul,Oct"
744,a,a,1370.0,12.0,2011.0,True,40.0,2014.0,"Jan,Apr,Jul,Oct"
745,a,a,17650.0,11.0,2013.0,True,37.0,2009.0,"Jan,Apr,Jul,Oct"
746,d,c,4330.0,2.0,2011.0,True,35.0,2011.0,"Mar,Jun,Sept,Dec"
747,c,c,45740.0,8.0,2008.0,False,,,
748,d,a,2380.0,3.0,2010.0,True,14.0,2011.0,"Jan,Apr,Jul,Oct"
749,a,a,3410.0,8.0,2011.0,True,14.0,2015.0,"Jan,Apr,Jul,Oct"
750,d,a,8670.0,2.0,2002.0,True,14.0,2011.0,"Jan,Apr,Jul,Oct"
751,a,a,650.0,10.0,2006.0,False,,,
752,a,a,970.0,3.0,2013.0,True,31.0,2013.0,"Feb,May,Aug,Nov"
753,d,c,540.0,11.0,2012.0,True,35.0,2010.0,"Mar,Jun,Sept,Dec"
754,c,c,380.0,5.0,2008.0,True,10.0,2014.0,"Mar,Jun,Sept,Dec"
755,d,c,13130.0,12.0,2003.0,False,,,
757,a,c,3450.0,,,False,,,
759,a,a,110.0,11.0,2012.0,True,31.0,2013.0,"Feb,May,Aug,Nov"
761,a,a,2390.0,9.0,2012.0,False,,,
762,d,c,1280.0,,,True,10.0,2013.0,"Mar,Jun,Sept,Dec"
763,d,c,32240.0,3.0,2010.0,False,,,
764,a,c,26490.0,,,True,10.0,2014.0,"Mar,Jun,Sept,Dec"
765,a,c,25430.0,5.0,1999.0,True,37.0,2009.0,"Jan,Apr,Jul,Oct"
767,a,c,13080.0,,,False,,,
768,a,c,2630.0,9.0,2012.0,False,,,
769,b,b,840.0,,,True,48.0,2012.0,"Jan,Apr,Jul,Oct"
770,a,c,100.0,4.0,2015.0,False,,,
771,a,a,20640.0,9.0,2007.0,False,,,
772,d,c,1850.0,,,False,,,
773,a,a,200.0,,,False,,,
774,a,c,640.0,9.0,2013.0,False,,,
775,d,c,6970.0,12.0,2005.0,True,22.0,2011.0,"Jan,Apr,Jul,Oct"
776,c,a,700.0,4.0,2009.0,True,14.0,2011.0,"Jan,Apr,Jul,Oct"
777,d,c,8250.0,10.0,2004.0,True,10.0,2013.0,"Mar,Jun,Sept,Dec"
778,a,a,340.0,6.0,2003.0,True,40.0,2014.0,"Jan,Apr,Jul,Oct"
779,a,a,16990.0,4.0,2004.0,False,,,
780,a,a,18160.0,,,False,,,
781,a,a,630.0,4.0,2007.0,False,,,
785,d,c,970.0,7.0,2005.0,True,31.0,2013.0,"Feb,May,Aug,Nov"
786,a,a,290.0,11.0,2006.0,True,5.0,2013.0,"Feb,May,Aug,Nov"
787,c,c,3210.0,6.0,2009.0,False,,,
788,a,c,1530.0,3.0,2013.0,False,,,
789,a,c,9770.0,7.0,2003.0,False,,,
790,d,c,9070.0,12.0,2003.0,False,,,
791,a,a,5950.0,4.0,2007.0,False,,,
792,d,a,17280.0,10.0,2009.0,True,18.0,2011.0,"Feb,May,Aug,Nov"
794,c,c,5090.0,9.0,2006.0,False,,,
795,d,a,510.0,,,True,35.0,2010.0,"Mar,Jun,Sept,Dec"
796,a,c,7180.0,11.0,2012.0,False,,,
798,a,a,9560.0,4.0,2001.0,False,,,
801,d,a,48330.0,4.0,2013.0,False,,,
802,a,c,910.0,,,True,22.0,2011.0,"Feb,May,Aug,Nov"
803,d,a,1760.0,,,True,10.0,2014.0,"Mar,Jun,Sept,Dec"
804,c,c,2100.0,,,True,1.0,2013.0,"Jan,Apr,Jul,Oct"
805,d,a,24770.0,10.0,2011.0,True,10.0,2014.0,"Mar,Jun,Sept,Dec"
806,d,a,260.0,,,True,44.0,2010.0,"Feb,May,Aug,Nov"
807,a,a,3870.0,4.0,2008.0,False,,,
808,a,a,18620.0,,,True,31.0,2009.0,"Feb,May,Aug,Nov"
809,a,a,12770.0,10.0,2000.0,False,,,
810,d,c,9640.0,11.0,2013.0,False,,,
813,a,a,1560.0,9.0,2003.0,False,,,
814,d,c,24530.0,7.0,2013.0,False,,,
816,c,c,460.0,,,False,,,
817,a,a,140.0,3.0,2006.0,False,,,
818,d,a,490.0,,,True,35.0,2010.0,"Mar,Jun,Sept,Dec"
819,a,c,720.0,10.0,2014.0,False,,,
820,a,c,1650.0,,,True,40.0,2014.0,"Jan,Apr,Jul,Oct"
821,a,a,1700.0,9.0,2009.0,False,,,
822,a,c,410.0,11.0,2010.0,True,48.0,2010.0,"Mar,Jun,Sept,Dec"
824,a,a,17570.0,,,False,,,
826,a,c,7980.0,6.0,2005.0,False,,,
827,a,c,250.0,1.0,2005.0,False,,,
829,c,a,110.0,,,False,,,
830,a,c,6320.0,,,True,5.0,2011.0,"Jan,Apr,Jul,Oct"
832,d,a,5070.0,,,True,45.0,2009.0,"Feb,May,Aug,Nov"
833,d,c,3290.0,12.0,1999.0,True,35.0,2010.0,"Mar,Jun,Sept,Dec"
834,a,a,3470.0,3.0,2012.0,False,,,
835,a,a,2890.0,12.0,2007.0,True,10.0,2014.0,"Mar,Jun,Sept,Dec"
836,a,a,2720.0,9.0,2012.0,False,,,
837,a,c,14600.0,4.0,2015.0,False,,,
838,d,c,6890.0,,,True,48.0,2011.0,"Mar,Jun,Sept,Dec"
839,c,a,240.0,1.0,2015.0,False,,,
840,a,a,1070.0,9.0,2009.0,False,,,
841,a,a,27650.0,8.0,2004.0,False,,,
844,a,a,2030.0,9.0,2012.0,True,18.0,2011.0,"Feb,May,Aug,Nov"
846,a,c,8860.0,4.0,2004.0,True,37.0,2009.0,"Jan,Apr,Jul,Oct"
847,c,c,190.0,,,True,31.0,2013.0,"Feb,May,Aug,Nov"
850,d,a,1120.0,5.0,2007.0,True,31.0,2013.0,"Jan,Apr,Jul,Oct"
851,d,c,2330.0,,,True,49.0,2014.0,"Mar,Jun,Sept,Dec"
852,c,a,940.0,4.0,2004.0,True,14.0,2011.0,"Jan,Apr,Jul,Oct"
853,a,a,14040.0,,,False,,,
854,c,a,4770.0,,,True,13.0,2010.0,"Jan,Apr,Jul,Oct"
855,a,a,3440.0,,,True,45.0,2009.0,"Feb,May,Aug,Nov"
856,a,a,3020.0,2.0,2010.0,False,,,
857,c,a,6270.0,8.0,2005.0,True,23.0,2014.0,"Mar,Jun,Sept,Dec"
858,a,a,3370.0,12.0,2008.0,True,40.0,2014.0,"Jan,Apr,Jul,Oct"
859,c,a,21770.0,7.0,2015.0,False,,,
860,c,c,5980.0,2.0,2010.0,False,,,
861,c,c,740.0,,,True,14.0,2013.0,"Mar,Jun,Sept,Dec"
862,a,c,2840.0,3.0,2010.0,True,14.0,2011.0,"Jan,Apr,Jul,Oct"
863,a,c,21370.0,11.0,2010.0,False,,,
864,a,a,1020.0,10.0,2012.0,True,45.0,2009.0,"Feb,May,Aug,Nov"
865,d,c,2640.0,,,False,,,
866,d,a,9680.0,,,True,5.0,2013.0,"Feb,May,Aug,Nov"
867,d,c,21810.0,9.0,2012.0,False,,,
868,d,c,1360.0,8.0,2005.0,True,10.0,2014.0,"Jan,Apr,Jul,Oct"
869,c,a,230.0,10.0,2001.0,True,14.0,2011.0,"Jan,Apr,Jul,Oct"
870,a,a,780.0,4.0,2009.0,False,,,
871,d,c,10620.0,,,False,,,
872,a,c,3860.0,9.0,2014.0,True,23.0,2015.0,"Mar,Jun,Sept,Dec"
874,a,a,3210.0,,,False,,,
876,a,a,21790.0,4.0,2005.0,True,18.0,2015.0,"Feb,May,Aug,Nov"
877,a,c,29190.0,,,False,,,
878,d,c,1100.0,12.0,2014.0,False,,,
879,d,a,,,,True,5.0,2013.0,"Feb,May,Aug,Nov"
880,a,c,4570.0,,,False,,,
883,a,a,3200.0,6.0,2005.0,False,,,
884,d,c,7550.0,,,False,,,
885,a,a,480.0,12.0,2005.0,False,,,
887,d,a,19700.0,,,True,37.0,2009.0,"Jan,Apr,Jul,Oct"
889,d,a,18670.0,12.0,2005.0,False,,,
890,a,a,4450.0,,,True,14.0,2011.0,"Jan,Apr,Jul,Oct"
891,a,c,350.0,,,True,31.0,2013.0,"Feb,May,Aug,Nov"
892,a,a,19370.0,4.0,2002.0,False,,,
893,a,a,130.0,,,True,1.0,2013.0,"Jan,Apr,Jul,Oct"
896,a,c,170.0,9.0,2012.0,False,,,
898,a,a,18540.0,,,False,,,
899,d,a,2590.0,,,True,13.0,2010.0,"Jan,Apr,Jul,Oct"
900,a,a,3920.0,4.0,2005.0,True,40.0,2014.0,"Jan,Apr,Jul,Oct"
901,a,c,3170.0,4.0,2014.0,False,,,
902,a,a,310.0,5.0,2015.0,True,40.0,2014.0,"Jan,Apr,Jul,Oct"
905,a,a,90.0,6.0,2014.0,False,,,
906,a,a,90.0,7.0,2010.0,False,,,
907,a,c,250.0,,,False,,,
908,a,a,1980.0,7.0,2010.0,True,37.0,2009.0,"Jan,Apr,Jul,Oct"
909,a,c,1680.0,,,True,45.0,2009.0,"Feb,May,Aug,Nov"
910,d,c,12480.0,,,True,1.0,2013.0,"Jan,Apr,Jul,Oct"
911,a,c,16490.0,,,False,,,
912,c,c,3100.0,5.0,2010.0,False,,,
913,a,a,280.0,,,False,,,
914,c,c,2640.0,4.0,2011.0,True,22.0,2012.0,"Mar,Jun,Sept,Dec"
915,d,c,650.0,3.0,2013.0,True,40.0,2014.0,"Jan,Apr,Jul,Oct"
916,a,a,90.0,11.0,2012.0,False,,,
917,a,a,7240.0,2.0,2010.0,False,,,
918,a,c,18710.0,4.0,2015.0,False,,,
919,a,a,2620.0,,,True,45.0,2009.0,"Feb,May,Aug,Nov"
920,a,a,850.0,2.0,2012.0,True,40.0,2014.0,"Jan,Apr,Jul,Oct"
921,a,a,840.0,9.0,2006.0,False,,,
922,d,a,2110.0,3.0,2006.0,False,,,
923,a,a,280.0,9.0,2008.0,False,,,
924,a,a,6420.0,4.0,2011.0,True,1.0,2012.0,"Jan,Apr,Jul,Oct"
926,d,c,5150.0,3.0,2011.0,True,13.0,2010.0,"Jan,Apr,Jul,Oct"
927,a,a,480.0,,,False,,,
928,d,c,1090.0,,,True,31.0,2013.0,"Feb,May,Aug,Nov"
929,a,c,4820.0,9.0,2013.0,False,,,
930,a,a,70.0,,,False,,,
931,a,c,1480.0,9.0,2011.0,True,1.0,2012.0,"Jan,Apr,Jul,Oct"
932,a,a,15700.0,,,True,13.0,2010.0,"Jan,Apr,Jul,Oct"
933,a,c,6270.0,2.0,2005.0,False,,,
934,a,c,5460.0,,,True,14.0,2011.0,"Jan,Apr,Jul,Oct"
935,a,c,22350.0,6.0,2010.0,False,,,
937,d,a,2810.0,,,True,10.0,2014.0,"Jan,Apr,Jul,Oct"
938,a,a,2820.0,9.0,2009.0,False,,,
939,d,a,1340.0,,,False,,,
941,a,a,1200.0,12.0,2011.0,True,31.0,2013.0,"Jan,Apr,Jul,Oct"
942,d,c,6860.0,,,True,18.0,2011.0,"Jan,Apr,Jul,Oct"
943,d,c,18020.0,,,False,,,
944,c,a,1670.0,7.0,2015.0,False,,,
945,a,c,12480.0,3.0,2011.0,False,,,
946,a,a,2220.0,12.0,2011.0,True,14.0,2015.0,"Jan,Apr,Jul,Oct"
947,a,a,460.0,3.0,2014.0,True,13.0,2010.0,"Jan,Apr,Jul,Oct"
948,b,b,1430.0,,,False,,,
950,a,a,8460.0,11.0,1994.0,False,,,
952,d,c,6300.0,10.0,2013.0,False,,,
953,a,a,19830.0,4.0,2006.0,True,22.0,2011.0,"Mar,Jun,Sept,Dec"
954,a,a,390.0,2.0,2013.0,True,10.0,2014.0,"Jan,Apr,Jul,Oct"
956,a,a,2330.0,10.0,2014.0,True,18.0,2011.0,"Feb,May,Aug,Nov"
957,d,c,1420.0,11.0,2012.0,False,,,
958,a,a,440.0,11.0,2013.0,False,,,
959,a,c,1060.0,12.0,2005.0,False,,,
961,d,c,9430.0,,,False,,,
962,c,a,260.0,,,False,,,
964,a,a,270.0,,,True,5.0,2013.0,"Feb,May,Aug,Nov"
965,a,c,110.0,,,False,,,
966,a,a,760.0,2.0,2008.0,False,,,
967,a,c,3560.0,9.0,2013.0,True,36.0,2013.0,"Jan,Apr,Jul,Oct"
969,a,c,600.0,11.0,1999.0,True,10.0,2013.0,"Jan,Apr,Jul,Oct"
971,c,a,1140.0,5.0,2011.0,True,14.0,2012.0,"Mar,Jun,Sept,Dec"
972,a,a,14960.0,,,False,,,
974,a,a,150.0,3.0,2011.0,True,40.0,2014.0,"Jan,Apr,Jul,Oct"
975,a,c,9630.0,,,True,14.0,2011.0,"Jan,Apr,Jul,Oct"
976,a,a,4180.0,,,False,,,
977,a,a,520.0,9.0,2005.0,True,13.0,2010.0,"Jan,Apr,Jul,Oct"
978,c,c,3890.0,,,False,,,
979,a,c,2270.0,11.0,2005.0,True,14.0,2011.0,"Jan,Apr,Jul,Oct"
980,a,a,4420.0,9.0,2005.0,False,,,
981,d,c,2620.0,11.0,2002.0,False,,,
986,a,a,620.0,10.0,2014.0,True,18.0,2014.0,"Feb,May,Aug,Nov"
987,c,a,1690.0,6.0,2007.0,False,,,
989,a,a,1640.0,6.0,2006.0,True,40.0,2011.0,"Jan,Apr,Jul,Oct"
990,d,a,20930.0,,,False,,,
991,a,a,1010.0,,,False,,,
992,a,a,2480.0,7.0,1990.0,False,,,
994,a,a,2290.0,7.0,2011.0,True,1.0,2012.0,"Jan,Apr,Jul,Oct"
995,d,a,6560.0,12.0,2013.0,False,,,
996,c,a,2870.0,7.0,2015.0,True,13.0,2010.0,"Jan,Apr,Jul,Oct"
997,d,c,5840.0,7.0,2010.0,True,37.0,2009.0,"Jan,Apr,Jul,Oct"
998,a,a,780.0,9.0,2005.0,True,5.0,2013.0,"Feb,May,Aug,Nov"
999,d,c,15140.0,2.0,2002.0,True,37.0,2009.0,"Jan,Apr,Jul,Oct"
1001,c,a,19640.0,,,True,14.0,2011.0,"Jan,Apr,Jul,Oct"
1002,d,c,1130.0,11.0,2008.0,False,,,
1003,a,a,170.0,7.0,2013.0,True,27.0,2013.0,"Jan,Apr,Jul,Oct"
1004,d,c,970.0,,,True,9.0,2011.0,"Mar,Jun,Sept,Dec"
1006,c,c,3890.0,11.0,2006.0,True,5.0,2013.0,"Feb,May,Aug,Nov"
1007,c,c,4180.0,9.0,2012.0,False,,,
1008,a,c,30.0,9.0,2010.0,False,,,
1010,d,c,4610.0,6.0,2010.0,True,18.0,2010.0,"Feb,May,Aug,Nov"
1011,a,c,490.0,9.0,2012.0,True,18.0,2011.0,"Feb,May,Aug,Nov"
1013,a,a,630.0,2.0,2015.0,True,31.0,2013.0,"Feb,May,Aug,Nov"
1014,a,c,210.0,,,True,31.0,2013.0,"Jan,Apr,Jul,Oct"
1015,d,c,9910.0,12.0,2010.0,True,9.0,2011.0,"Mar,Jun,Sept,Dec"
1016,c,c,550.0,,,True,35.0,2010.0,"Mar,Jun,Sept,Dec"
1017,c,a,110.0,11.0,2008.0,False,,,
1018,c,c,140.0,9.0,2012.0,False,,,
1019,d,c,2740.0,7.0,2014.0,True,13.0,2010.0,"Jan,Apr,Jul,Oct"
1022,a,c,1520.0,,,False,,,
1023,c,a,3740.0,2.0,2002.0,True,14.0,2011.0,"Jan,Apr,Jul,Oct"
1024,c,c,1990.0,1.0,2012.0,False,,,
1026,c,a,450.0,6.0,2011.0,True,48.0,2012.0,"Mar,Jun,Sept,Dec"
1027,a,c,190.0,6.0,2008.0,True,40.0,2011.0,"Jan,Apr,Jul,Oct"
1028,a,a,150.0,,,True,31.0,2013.0,"Jan,Apr,Jul,Oct"
1030,a,a,36410.0,4.0,2008.0,False,,,
1031,d,a,590.0,5.0,2001.0,False,,,
1032,d,c,270.0,2.0,2013.0,True,40.0,2012.0,"Jan,Apr,Jul,Oct"
1033,a,a,7680.0,3.0,2006.0,False,,,
1034,a,a,13750.0,4.0,2015.0,False,,,
1036,d,c,9560.0,,,True,36.0,2013.0,"Jan,Apr,Jul,Oct"
1037,a,c,150.0,,,False,,,
1038,d,a,17290.0,10.0,2013.0,False,,,
1039,a,c,70.0,6.0,1990.0,True,22.0,2012.0,"Mar,Jun,Sept,Dec"
1040,a,a,4030.0,2.0,2013.0,True,10.0,2014.0,"Jan,Apr,Jul,Oct"
1042,a,a,3440.0,,,True,31.0,2013.0,"Feb,May,Aug,Nov"
1043,c,a,420.0,3.0,2006.0,False,,,
1044,c,a,240.0,4.0,2015.0,True,13.0,2010.0,"Jan,Apr,Jul,Oct"
1045,a,c,26990.0,12.0,2013.0,False,,,
1047,a,a,3750.0,,,True,45.0,2009.0,"Feb,May,Aug,Nov"
1048,d,c,1860.0,9.0,2012.0,True,40.0,2012.0,"Jan,Apr,Jul,Oct"
1049,a,a,370.0,7.0,2012.0,True,14.0,2011.0,"Jan,Apr,Jul,Oct"
1051,c,a,200.0,7.0,1998.0,True,1.0,2012.0,"Jan,Apr,Jul,Oct"
1052,a,c,5080.0,,,True,31.0,2013.0,"Feb,May,Aug,Nov"
1055,c,a,1980.0,4.0,2009.0,False,,,
1056,d,c,5350.0,,,True,40.0,2012.0,"Jan,Apr,Jul,Oct"
1058,a,c,180.0,,,True,35.0,2010.0,"Mar,Jun,Sept,Dec"
1059,c,a,3380.0,4.0,2013.0,False,,,
1060,a,c,3430.0,,,True,31.0,2013.0,"Feb,May,Aug,Nov"
1061,d,c,8110.0,,,False,,,
1062,d,a,190.0,9.0,2012.0,True,40.0,2012.0,"Feb,May,Aug,Nov"
1063,a,c,6250.0,,,False,,,
1064,a,c,420.0,,,False,,,
1065,a,a,1290.0,,,True,35.0,2011.0,"Mar,Jun,Sept,Dec"
1066,a,a,3350.0,,,False,,,
1068,d,c,5010.0,,,True,5.0,2013.0,"Jan,Apr,Jul,Oct"
1069,a,c,18050.0,,,True,14.0,2011.0,"Jan,Apr,Jul,Oct"
1071,a,a,820.0,3.0,2012.0,True,35.0,2012.0,"Mar,Jun,Sept,Dec"
1072,a,c,5380.0,8.0,2015.0,True,5.0,2010.0,"Feb,May,Aug,Nov"
1073,a,c,1710.0,,,True,44.0,2012.0,"Jan,Apr,Jul,Oct"
1074,c,c,3330.0,10.0,2001.0,True,14.0,2011.0,"Jan,Apr,Jul,Oct"
1075,a,c,1410.0,10.0,2013.0,False,,,
1076,a,c,90.0,,,True,1.0,2013.0,"Jan,Apr,Jul,Oct"
1077,a,a,3750.0,11.0,2001.0,True,35.0,2010.0,"Mar,Jun,Sept,Dec"
1078,d,c,670.0,,,True,40.0,2011.0,"Jan,Apr,Jul,Oct"
1079,a,a,16680.0,,,True,37.0,2009.0,"Jan,Apr,Jul,Oct"
1080,a,a,2410.0,,,True,40.0,2014.0,"Jan,Apr,Jul,Oct"
1081,b,a,400.0,3.0,2006.0,False,,,
1082,c,a,440.0,4.0,2002.0,False,,,
1083,d,c,11540.0,,,True,5.0,2013.0,"Feb,May,Aug,Nov"
1084,a,a,190.0,,,True,13.0,2010.0,"Jan,Apr,Jul,Oct"
1085,c,a,4030.0,2.0,2015.0,False,,,
1086,a,a,180.0,11.0,2013.0,True,18.0,2011.0,"Feb,May,Aug,Nov"
1087,d,c,2210.0,11.0,2011.0,False,,,
1089,d,a,5220.0,5.0,2009.0,False,,,
1090,a,a,330.0,,,True,14.0,2011.0,"Jan,Apr,Jul,Oct"
1092,a,a,300.0,7.0,2000.0,True,40.0,2014.0,"Jan,Apr,Jul,Oct"
1093,c,c,10450.0,6.0,2009.0,False,,,
1095,a,a,690.0,6.0,2007.0,True,14.0,2011.0,"Jan,Apr,Jul,Oct"
1096,a,c,1130.0,,,True,10.0,2014.0,"Mar,Jun,Sept,Dec"
1098,a,a,1830.0,11.0,2004.0,False,,,
1099,a,c,200.0,4.0,2013.0,True,14.0,2013.0,"Jan,Apr,Jul,Oct"
1100,a,a,540.0,,,True,14.0,2011.0,"Jan,Apr,Jul,Oct"
1101,d,c,4060.0,9.0,2012.0,False,,,
1102,a,a,850.0,11.0,2012.0,True,40.0,2014.0,"Jan,Apr,Jul,Oct"
1103,d,c,1340.0,10.0,2006.0,True,5.0,2013.0,"Feb,May,Aug,Nov"
1104,d,a,260.0,2.0,2012.0,True,14.0,2011.0,"Jan,Apr,Jul,Oct"
1105,c,c,330.0,11.0,2008.0,True,5.0,2013.0,"Feb,May,Aug,Nov"
1106,a,c,5330.0,9.0,2011.0,True,31.0,2013.0,"Jan,Apr,Jul,Oct"
1107,a,a,1400.0,6.0,2012.0,True,13.0,2010.0,"Jan,Apr,Jul,Oct"
1108,a,a,540.0,4.0,2004.0,False,,,
1110,c,c,900.0,9.0,2010.0,False,,,
1111,a,a,1900.0,6.0,2014.0,True,31.0,2013.0,"Jan,Apr,Jul,Oct"
1112,c,c,1880.0,4.0,2006.0,False,,,
1113,a,c,9260.0,,,False,,,
1114,a,c,870.0,,,False,,,
1115,d,c,5350.0,,,True,22.0,2012.0,"Mar,Jun,Sept,Dec"
